time,temperature,feels_like,humidity,rain,wind_speed,pm2_5
2025-10-14T00:00,13.4,10.6,88,1.1,22.1,
2025-10-14T01:00,13.2,10.5,87,1.6,20.6,
2025-10-14T02:00,13.0,10.3,88,2.1,20.9,
2025-10-14T03:00,13.2,10.7,87,0.0,19.8,
2025-10-14T04:00,13.2,10.8,87,0.0,19.0,
2025-10-14T05:00,13.0,10.6,87,0.0,18.5,
2025-10-14T06:00,12.4,10.0,88,0.1,18.1,
2025-10-14T07:00,12.2,9.7,88,0.0,17.6,
2025-10-14T08:00,12.1,9.7,87,0.0,17.3,
2025-10-14T09:00,12.2,9.6,85,0.0,17.4,
2025-10-14T10:00,12.2,9.9,85,0.0,15.5,
2025-10-14T11:00,12.2,9.9,85,0.0,15.3,
2025-10-14T12:00,12.1,10.1,85,0.0,13.3,
2025-10-14T13:00,12.2,10.2,85,0.0,13.5,
2025-10-14T14:00,12.8,10.7,82,0.0,14.6,
2025-10-14T15:00,13.7,11.6,78,0.0,14.4,
2025-10-14T16:00,14.7,12.8,75,0.0,13.8,
2025-10-14T17:00,15.2,13.3,74,0.0,14.3,
2025-10-14T18:00,15.0,12.7,75,0.0,17.4,
2025-10-14T19:00,15.7,14.1,74,0.0,13.5,
2025-10-14T20:00,16.0,14.3,75,0.0,15.3,
2025-10-14T21:00,15.5,14.0,76,0.0,13.5,
2025-10-14T22:00,14.7,13.4,80,0.0,11.8,
2025-10-14T23:00,14.7,13.5,81,0.0,11.9,
2025-10-15T00:00,15.1,13.9,81,0.0,12.6,
2025-10-15T01:00,15.0,13.8,80,0.0,12.4,
2025-10-15T02:00,15.0,13.8,80,0.0,11.8,
2025-10-15T03:00,14.9,13.7,81,0.0,11.5,
2025-10-15T04:00,14.8,13.5,82,0.0,12.4,
2025-10-15T05:00,14.7,13.6,83,0.0,11.5,
2025-10-15T06:00,14.5,13.7,85,0.0,10.4,
2025-10-15T07:00,14.3,13.7,87,0.0,8.7,
2025-10-15T08:00,14.0,13.5,88,0.0,8.3,
2025-10-15T09:00,13.9,13.2,87,0.0,8.6,
2025-10-15T10:00,13.3,12.5,87,0.0,8.5,
2025-10-15T11:00,12.5,12.0,88,0.0,5.5,
2025-10-15T12:00,13.3,12.7,85,0.0,6.2,
2025-10-15T13:00,14.3,13.9,81,0.0,5.6,
2025-10-15T14:00,15.8,15.3,76,0.0,6.3,
2025-10-15T15:00,17.4,17.2,72,0.0,6.7,
2025-10-15T16:00,18.6,17.7,67,0.0,11.5,
2025-10-15T17:00,19.2,18.5,65,0.0,13.3,
2025-10-15T18:00,19.5,18.6,62,0.0,10.7,
2025-10-15T19:00,19.7,18.4,58,0.0,11.6,
2025-10-15T20:00,19.5,17.4,51,0.0,13.3,
2025-10-15T21:00,18.5,15.9,49,0.0,13.4,
2025-10-15T22:00,16.4,14.2,60,0.0,13.1,
2025-10-15T23:00,14.4,12.6,73,0.0,11.8,
2025-10-16T00:00,13.8,11.9,73,0.0,11.4,
2025-10-16T01:00,12.6,10.5,72,0.0,10.1,
2025-10-16T02:00,11.8,9.5,72,0.0,10.0,
2025-10-16T03:00,11.5,8.4,64,0.0,12.9,
2025-10-16T04:00,11.2,8.0,60,0.0,12.3,
2025-10-16T05:00,10.3,7.1,61,0.0,10.8,
2025-10-16T06:00,9.6,6.3,61,0.0,11.5,
2025-10-16T07:00,9.1,5.7,63,0.0,11.6,
2025-10-16T08:00,8.5,5.2,66,0.0,11.0,
2025-10-16T09:00,8.0,4.8,68,0.0,10.0,
2025-10-16T10:00,7.5,4.3,70,0.0,9.8,
2025-10-16T11:00,7.1,3.8,70,0.0,10.2,
2025-10-16T12:00,7.7,4.2,68,0.0,12.0,
2025-10-16T13:00,8.7,5.3,63,0.0,11.9,
2025-10-16T14:00,9.8,5.8,57,0.0,14.9,
2025-10-16T15:00,10.6,6.2,49,0.0,16.4,
2025-10-16T16:00,11.8,7.8,47,0.0,16.4,
2025-10-16T17:00,12.9,8.9,41,0.0,17.3,
2025-10-16T18:00,14.6,10.4,34,0.0,17.3,
2025-10-16T19:00,15.2,10.4,31,0.0,17.1,
2025-10-16T20:00,15.1,10.2,30,0.0,16.5,
2025-10-16T21:00,14.4,10.1,35,0.0,13.7,
2025-10-16T22:00,12.6,8.0,39,0.0,16.5,
2025-10-16T23:00,11.3,6.6,45,0.0,17.5,
2025-10-17T00:00,11.0,6.8,48,0.0,14.6,
2025-10-17T01:00,10.4,6.1,49,0.0,15.3,
2025-10-17T02:00,9.8,5.4,49,0.0,15.1,
2025-10-17T03:00,9.1,4.9,51,0.0,14.2,
2025-10-17T04:00,8.6,4.4,53,0.0,13.7,
2025-10-17T05:00,8.1,4.0,53,0.0,13.3,
2025-10-17T06:00,7.9,3.5,54,0.0,15.0,
2025-10-17T07:00,7.6,3.3,55,0.0,14.3,
2025-10-17T08:00,7.6,3.3,56,0.0,14.2,
2025-10-17T09:00,7.4,3.1,56,0.0,14.6,
2025-10-17T10:00,7.3,2.9,56,0.0,15.0,
2025-10-17T11:00,7.1,2.7,57,0.0,14.5,
2025-10-17T12:00,7.9,3.6,56,0.0,14.3,
2025-10-17T13:00,9.1,5.7,56,0.0,9.4,
2025-10-17T14:00,10.5,6.8,51,0.0,11.8,
2025-10-17T15:00,11.9,8.3,48,0.0,12.3,
2025-10-17T16:00,13.2,10.0,45,0.0,11.7,
2025-10-17T17:00,14.3,11.7,44,0.0,10.3,
2025-10-17T18:00,16.1,13.6,39,0.0,8.0,
2025-10-17T19:00,16.8,14.0,37,0.0,7.3,
2025-10-17T20:00,16.9,13.8,35,0.0,8.0,
2025-10-17T21:00,16.3,13.9,41,0.0,5.7,
2025-10-17T22:00,13.9,11.9,55,0.0,5.4,
2025-10-17T23:00,12.8,10.5,58,0.0,7.1,
2025-10-18T00:00,12.4,9.8,58,0.0,8.6,
2025-10-18T01:00,11.4,9.0,63,0.0,8.0,
2025-10-18T02:00,10.4,8.3,68,0.0,5.9,
2025-10-18T03:00,9.7,7.6,71,0.0,6.2,
2025-10-18T04:00,9.0,6.9,73,0.0,5.5,
2025-10-18T05:00,8.4,6.4,75,0.0,5.0,
2025-10-18T06:00,8.1,5.7,74,0.0,6.3,
2025-10-18T07:00,7.3,5.1,78,0.0,4.8,
2025-10-18T08:00,7.1,4.9,80,0.0,4.9,
2025-10-18T09:00,6.6,4.7,83,0.0,3.8,
2025-10-18T10:00,6.4,4.5,85,0.0,4.0,
2025-10-18T11:00,6.4,4.6,86,0.0,2.8,
2025-10-18T12:00,7.9,5.9,80,0.0,5.1,
2025-10-18T13:00,9.4,7.7,75,0.0,4.0,
2025-10-18T14:00,11.4,9.7,65,0.0,3.4,
2025-10-18T15:00,13.4,11.9,57,0.0,2.5,
2025-10-18T16:00,15.0,13.7,49,0.0,0.6,
2025-10-18T17:00,16.1,14.7,46,0.0,3.2,
2025-10-18T18:00,17.2,15.1,41,0.0,4.8,
2025-10-18T19:00,17.1,15.0,42,0.0,5.2,
2025-10-18T20:00,17.7,15.7,42,0.0,4.8,
2025-10-18T21:00,17.2,15.4,47,0.0,5.0,
2025-10-18T22:00,14.9,13.3,60,0.0,6.0,
2025-10-18T23:00,13.7,12.2,70,0.0,7.0,
2025-10-19T00:00,13.7,12.3,73,0.0,7.6,
2025-10-19T01:00,13.7,12.5,76,0.0,7.3,
2025-10-19T02:00,13.6,12.5,78,0.0,7.4,
2025-10-19T03:00,12.9,12.1,82,0.0,5.7,
2025-10-19T04:00,12.4,11.6,83,0.0,5.6,
2025-10-19T05:00,11.6,10.7,83,0.0,4.2,
2025-10-19T06:00,10.8,9.9,83,0.0,3.2,
2025-10-19T07:00,10.2,8.9,83,0.0,4.0,
2025-10-19T08:00,9.9,8.6,84,0.0,4.4,
2025-10-19T09:00,9.8,8.5,86,0.0,4.9,
2025-10-19T10:00,9.9,8.6,87,0.0,5.4,
2025-10-19T11:00,10.3,9.0,87,0.0,5.7,
2025-10-19T12:00,11.9,11.2,88,0.0,5.3,
2025-10-19T13:00,15.1,14.8,81,0.0,6.3,
2025-10-19T14:00,17.9,18.3,79,0.0,6.9,
2025-10-19T15:00,19.7,19.1,71,0.0,13.9,
2025-10-19T16:00,20.3,19.6,70,0.0,16.5,
2025-10-19T17:00,20.6,20.0,71,0.0,18.1,
2025-10-19T18:00,20.6,20.0,73,0.0,17.5,
2025-10-19T19:00,20.6,19.9,73,0.0,18.4,
2025-10-19T20:00,20.2,19.3,75,0.0,19.2,
2025-10-19T21:00,19.2,18.2,78,0.0,19.2,
2025-10-19T22:00,18.1,16.8,82,0.0,20.4,
2025-10-19T23:00,17.6,16.4,84,0.0,19.5,
2025-10-20T00:00,17.6,16.7,82,0.0,16.8,
2025-10-20T01:00,17.6,17.0,83,0.0,15.2,
2025-10-20T02:00,18.3,17.4,82,0.0,18.1,
2025-10-20T03:00,18.7,17.6,81,0.0,20.4,
2025-10-20T04:00,18.8,17.6,80,0.0,20.5,
2025-10-20T05:00,19.0,17.9,80,0.2,20.2,
2025-10-20T06:00,19.9,18.6,77,0.0,22.9,
2025-10-20T07:00,19.3,18.2,80,2.6,20.8,
2025-10-20T08:00,17.4,17.2,91,6.4,15.4,
2025-10-20T09:00,17.2,17.3,93,0.1,13.5,
2025-10-20T10:00,16.0,15.7,90,0.4,12.1,
2025-10-20T11:00,14.7,13.8,90,0.0,13.2,
2025-10-20T12:00,14.4,13.0,86,0.1,14.5,
2025-10-20T13:00,14.3,12.5,83,0.1,16.1,
2025-10-20T14:00,14.5,12.3,74,0.0,15.9,
2025-10-20T15:00,15.3,12.5,70,0.2,19.1,
2025-10-20T16:00,16.0,12.7,64,0.1,21.2,
2025-10-20T17:00,16.3,12.6,59,0.0,23.1,
2025-10-20T18:00,15.6,12.0,60,0.0,21.2,
2025-10-20T19:00,16.0,11.9,57,0.0,23.9,
2025-10-20T20:00,15.2,11.7,63,0.0,20.2,
2025-10-20T21:00,15.0,11.9,64,0.0,18.4,
2025-10-20T22:00,14.3,11.2,65,0.0,17.9,
2025-10-20T23:00,13.8,11.1,65,0.0,13.7,
2025-10-21T00:00,13.9,10.9,61,0.0,14.9,
2025-10-21T01:00,13.4,10.0,59,0.0,15.5,
2025-10-21T02:00,12.8,9.7,60,0.0,13.5,
2025-10-21T03:00,12.1,9.4,63,0.0,11.0,
2025-10-21T04:00,11.3,8.8,66,0.0,9.6,
2025-10-21T05:00,10.7,8.1,68,0.0,10.1,
2025-10-21T06:00,10.1,7.2,69,0.0,11.6,
2025-10-21T07:00,9.6,6.8,71,0.0,10.4,
2025-10-21T08:00,9.0,6.3,72,0.0,9.6,
2025-10-21T09:00,8.6,6.0,74,0.0,8.7,
2025-10-21T10:00,8.2,5.6,75,0.0,8.3,
2025-10-21T11:00,7.9,5.2,77,0.0,8.7,
2025-10-21T12:00,8.6,5.8,75,0.0,9.9,
2025-10-21T13:00,10.0,7.9,74,0.0,7.0,
2025-10-21T14:00,11.8,9.9,68,0.0,6.5,
2025-10-21T15:00,13.9,12.0,62,0.0,7.5,
2025-10-21T16:00,15.6,13.8,56,0.0,9.2,
2025-10-21T17:00,16.9,14.9,51,0.0,11.8,
2025-10-21T18:00,18.5,15.8,40,0.0,12.4,
2025-10-21T19:00,19.0,15.9,39,0.0,12.3,
2025-10-21T20:00,19.1,16.7,41,0.0,8.9,
2025-10-21T21:00,18.1,16.2,51,0.0,8.8,
2025-10-21T22:00,16.1,14.3,68,0.0,12.7,
2025-10-21T23:00,15.6,13.9,70,0.0,12.0,
2025-10-22T00:00,15.7,14.1,72,0.0,12.6,
2025-10-22T01:00,15.7,14.3,72,0.0,11.2,
2025-10-22T02:00,15.6,14.3,71,0.0,9.5,
2025-10-22T03:00,15.1,14.0,73,0.1,8.9,
2025-10-22T04:00,13.8,13.4,81,0.0,4.8,
2025-10-22T05:00,13.4,13.3,85,0.1,3.2,
2025-10-22T06:00,13.2,13.5,89,0.2,1.1,
2025-10-22T07:00,12.9,13.0,91,0.6,2.7,
2025-10-22T08:00,12.4,12.3,95,0.2,3.9,
2025-10-22T09:00,12.6,12.7,95,0.1,3.2,
2025-10-22T10:00,12.2,11.5,96,0.1,8.1,
2025-10-22T11:00,12.0,11.0,95,0.1,9.0,
2025-10-22T12:00,12.5,11.6,95,0.0,9.8,
2025-10-22T13:00,13.8,12.8,91,0.0,11.8,
2025-10-22T14:00,14.6,13.2,83,0.0,13.6,
2025-10-22T15:00,15.4,11.8,55,0.1,18.8,
2025-10-22T16:00,15.9,11.9,45,0.0,17.7,
2025-10-22T17:00,16.5,12.6,41,0.0,19.2,
2025-10-22T18:00,16.2,12.0,45,0.0,19.3,
2025-10-22T19:00,16.1,11.3,40,0.0,21.1,
2025-10-22T20:00,15.7,11.4,43,0.0,18.8,
2025-10-22T21:00,14.8,11.1,47,0.0,15.0,
2025-10-22T22:00,13.7,11.1,54,0.0,8.6,
2025-10-22T23:00,12.6,10.2,59,0.0,7.5,
2025-10-23T00:00,11.7,9.8,65,0.0,5.7,
2025-10-23T01:00,11.8,9.6,63,0.0,6.5,
2025-10-23T02:00,11.3,9.0,66,0.0,7.3,
2025-10-23T03:00,11.3,8.8,65,0.0,8.9,
2025-10-23T04:00,10.6,8.3,66,0.0,7.1,
2025-10-23T05:00,10.4,7.7,65,0.0,9.3,
2025-10-23T06:00,10.1,6.9,63,0.0,11.4,
2025-10-23T07:00,9.6,6.6,65,0.0,10.1,
2025-10-23T08:00,9.2,6.3,68,0.0,9.5,
2025-10-23T09:00,8.8,6.2,71,0.0,8.0,
2025-10-23T10:00,8.6,6.1,73,0.0,8.0,
2025-10-23T11:00,8.4,5.8,75,0.0,8.9,
2025-10-23T12:00,9.1,6.3,71,0.0,9.5,
2025-10-23T13:00,10.3,7.9,69,0.0,8.2,
2025-10-23T14:00,11.1,8.5,66,0.0,9.4,
2025-10-23T15:00,12.8,9.7,57,0.0,12.6,
2025-10-23T16:00,14.5,10.6,49,0.0,17.4,
2025-10-23T17:00,15.0,10.9,47,0.0,18.1,
2025-10-23T18:00,14.9,11.6,50,0.1,13.9,
2025-10-23T19:00,14.9,11.5,48,0.0,14.0,
2025-10-23T20:00,14.5,10.9,49,0.0,14.6,
2025-10-23T21:00,13.5,10.1,51,0.0,13.3,
2025-10-23T22:00,12.2,9.4,57,0.0,9.9,
2025-10-23T23:00,11.1,8.7,63,0.0,7.1,
2025-10-24T00:00,10.7,8.3,65,0.0,7.2,
2025-10-24T01:00,10.5,7.7,65,0.0,9.7,
2025-10-24T02:00,10.0,7.3,67,0.0,8.8,
2025-10-24T03:00,9.4,6.7,70,0.0,9.3,
2025-10-24T04:00,9.0,6.2,72,0.0,9.7,
2025-10-24T05:00,8.5,5.8,74,0.0,8.8,
2025-10-24T06:00,7.7,4.8,74,0.0,9.8,
2025-10-24T07:00,7.4,4.7,76,0.0,8.2,
2025-10-24T08:00,6.9,4.4,79,0.0,7.1,
2025-10-24T09:00,6.4,4.0,81,0.0,6.2,
2025-10-24T10:00,6.0,3.6,83,0.0,6.3,
2025-10-24T11:00,5.7,3.2,85,0.0,6.6,
2025-10-24T12:00,6.3,3.5,81,0.0,8.3,
2025-10-24T13:00,7.7,5.3,77,0.0,6.5,
2025-10-24T14:00,9.5,7.2,70,0.0,7.0,
2025-10-24T15:00,11.4,9.1,64,0.0,7.3,
2025-10-24T16:00,12.6,10.1,59,0.0,9.4,
2025-10-24T17:00,13.7,10.9,53,0.0,11.9,
2025-10-24T18:00,14.2,11.0,49,0.0,11.4,
2025-10-24T19:00,14.8,11.5,44,0.0,11.5,
2025-10-24T20:00,14.6,11.3,45,0.0,11.1,
2025-10-24T21:00,14.2,11.7,48,0.0,6.7,
2025-10-24T22:00,12.9,10.8,56,0.0,5.2,
2025-10-24T23:00,11.3,9.3,64,0.0,5.3,
2025-10-25T00:00,11.7,9.2,60,0.0,7.8,
2025-10-25T01:00,10.9,8.5,64,0.0,7.4,
2025-10-25T02:00,10.0,7.5,69,0.0,8.4,
2025-10-25T03:00,9.4,7.0,72,0.0,7.6,
2025-10-25T04:00,8.8,6.5,75,0.0,7.6,
2025-10-25T05:00,8.3,5.9,76,0.0,7.8,
2025-10-25T06:00,7.5,4.7,76,0.0,9.2,
2025-10-25T07:00,7.0,4.3,78,0.0,8.1,
2025-10-25T08:00,6.7,3.9,80,0.0,8.5,
2025-10-25T09:00,6.4,3.6,82,0.0,8.5,
2025-10-25T10:00,6.0,3.5,84,0.0,7.0,
2025-10-25T11:00,5.7,3.3,85,0.0,6.1,
2025-10-25T12:00,6.4,4.1,81,0.0,5.6,
2025-10-25T13:00,7.9,5.6,77,0.0,5.9,
2025-10-25T14:00,9.7,7.6,69,0.0,5.1,
2025-10-25T15:00,11.7,9.7,62,0.0,4.6,
2025-10-25T16:00,13.1,10.7,53,0.0,7.4,
2025-10-25T17:00,14.2,11.6,46,0.0,8.9,
2025-10-25T18:00,14.3,11.4,44,0.0,7.8,
2025-10-25T19:00,14.2,11.3,44,0.0,8.0,
2025-10-25T20:00,14.0,11.2,46,0.0,7.9,
2025-10-25T21:00,13.6,11.2,50,0.0,6.1,
2025-10-25T22:00,12.4,10.6,61,0.0,4.2,
2025-10-25T23:00,12.0,10.6,65,0.0,2.8,
2025-10-26T00:00,11.7,10.3,67,0.0,2.7,
2025-10-26T01:00,11.3,10.0,70,0.0,2.8,
2025-10-26T02:00,10.8,9.5,73,0.0,3.0,
2025-10-26T03:00,10.4,8.9,75,0.0,3.4,
2025-10-26T04:00,9.9,8.4,76,0.0,3.8,
2025-10-26T05:00,9.3,7.7,78,0.0,4.2,
2025-10-26T06:00,8.2,6.3,81,0.0,4.7,
2025-10-26T07:00,7.5,5.6,82,0.0,4.5,
2025-10-26T08:00,7.5,5.5,83,0.0,5.7,
2025-10-26T09:00,6.7,4.7,85,0.0,4.6,
2025-10-26T10:00,6.8,4.7,86,0.0,5.1,
2025-10-26T11:00,6.9,4.9,85,0.0,5.1,
2025-10-26T12:00,7.9,5.6,79,0.0,7.2,
2025-10-26T13:00,9.1,6.9,76,0.0,6.5,
2025-10-26T14:00,9.8,7.6,72,0.0,6.8,
2025-10-26T15:00,11.2,8.9,63,0.0,6.6,
2025-10-26T16:00,12.5,10.3,57,0.0,5.5,
2025-10-26T17:00,13.4,11.2,52,0.1,5.3,
2025-10-26T18:00,13.9,11.4,49,0.0,6.8,
2025-10-26T19:00,14.2,11.6,45,0.0,6.5,
2025-10-26T20:00,14.1,11.3,42,0.0,6.5,
2025-10-26T21:00,13.7,10.9,42,0.0,6.0,
2025-10-26T22:00,12.1,10.3,52,0.0,0.9,
2025-10-26T23:00,11.5,9.7,54,0.0,0.8,
2025-10-27T00:00,10.7,8.9,55,0.0,0.8,
2025-10-27T01:00,9.4,7.0,63,0.0,5.1,
2025-10-27T02:00,8.7,6.2,66,0.0,5.4,
2025-10-27T03:00,8.1,5.5,65,0.0,6.2,
2025-10-27T04:00,7.2,4.6,69,0.0,5.2,
2025-10-27T05:00,6.9,4.3,70,0.0,5.6,
2025-10-27T06:00,5.8,3.2,75,0.0,5.4,
2025-10-27T07:00,5.2,2.4,75,0.0,6.1,
2025-10-27T08:00,5.2,2.0,71,0.0,8.3,
2025-10-27T09:00,4.8,1.4,71,0.0,8.6,
2025-10-27T10:00,4.0,1.0,77,0.0,6.3,
2025-10-27T11:00,3.3,0.5,81,0.0,5.7,
2025-10-27T12:00,3.7,0.7,86,0.0,7.9,
2025-10-27T13:00,4.7,1.8,79,0.0,7.2,
2025-10-27T14:00,6.8,3.9,69,0.0,6.9,
2025-10-27T15:00,9.2,6.2,57,0.0,6.9,
2025-10-27T16:00,11.0,7.9,47,0.0,7.6,
2025-10-27T17:00,12.0,9.1,43,0.0,7.5,
2025-10-27T18:00,12.6,9.6,42,0.0,7.6,
2025-10-27T19:00,12.8,9.5,41,0.0,8.1,
2025-10-27T20:00,12.5,9.1,41,0.0,9.2,
2025-10-27T21:00,11.8,8.3,45,0.0,9.9,
2025-10-27T22:00,9.9,7.4,59,0.0,4.9,
2025-10-27T23:00,8.8,6.6,65,0.0,3.8,
2025-10-28T00:00,8.6,6.0,63,0.0,5.8,
2025-10-28T01:00,8.3,4.7,60,0.0,11.7,
2025-10-28T02:00,7.2,4.1,69,0.0,9.3,
2025-10-28T03:00,6.6,3.8,73,0.0,7.3,
2025-10-28T04:00,6.1,3.1,76,0.0,8.7,
2025-10-28T05:00,5.8,2.8,77,0.0,8.8,
2025-10-28T06:00,5.7,2.3,74,0.0,10.0,
2025-10-28T07:00,5.4,2.1,75,0.0,9.2,
2025-10-28T08:00,5.0,1.7,77,0.0,9.6,
2025-10-28T09:00,4.7,1.4,78,0.0,9.5,
2025-10-28T10:00,4.4,0.9,80,0.0,10.8,
2025-10-28T11:00,4.1,0.6,81,0.0,10.9,
2025-10-28T12:00,4.5,1.1,83,0.0,10.7,
2025-10-28T13:00,5.9,2.8,78,0.0,9.7,
2025-10-28T14:00,7.9,4.6,67,0.0,10.9,
2025-10-28T15:00,10.0,6.3,59,0.0,13.9,
2025-10-28T16:00,11.7,6.8,54,0.0,21.7,
2025-10-28T17:00,11.7,7.3,56,0.0,19.8,
2025-10-28T18:00,11.5,7.1,59,0.0,20.4,
2025-10-28T19:00,11.7,7.7,58,0.0,17.4,
2025-10-28T20:00,12.0,8.1,55,0.0,16.0,
2025-10-28T21:00,12.2,8.9,53,0.0,11.7,
2025-10-28T22:00,11.7,8.9,55,0.0,8.4,
2025-10-28T23:00,11.7,8.2,54,0.0,12.3,
2025-10-29T00:00,11.5,8.2,56,0.0,11.5,
2025-10-29T01:00,11.1,7.6,57,0.0,12.9,
2025-10-29T02:00,10.5,6.8,60,0.0,14.3,
2025-10-29T03:00,10.0,6.2,61,0.0,14.9,
2025-10-29T04:00,9.6,5.6,65,0.0,16.7,
2025-10-29T05:00,9.1,5.3,69,0.0,16.1,
2025-10-29T06:00,9.1,5.5,69,0.0,14.4,
2025-10-29T07:00,8.5,4.9,71,0.0,14.0,
2025-10-29T08:00,8.0,4.6,74,0.0,13.2,
2025-10-29T09:00,7.8,4.5,75,0.0,12.5,
2025-10-29T10:00,7.7,4.3,76,0.0,13.3,
2025-10-29T11:00,7.7,4.2,74,0.0,13.5,
2025-10-29T12:00,7.0,3.8,76,0.0,11.3,
2025-10-29T13:00,8.3,5.4,70,0.0,9.2,
2025-10-29T14:00,10.0,6.6,61,0.0,11.7,
2025-10-29T15:00,11.8,8.6,56,0.0,11.6,
2025-10-29T16:00,13.0,10.0,55,0.0,10.9,
2025-10-29T17:00,13.5,10.5,54,0.0,10.9,
2025-10-29T18:00,12.6,9.8,59,0.0,10.7,
2025-10-29T19:00,12.5,9.8,60,0.0,10.6,
2025-10-29T20:00,12.2,9.3,63,0.0,11.8,
2025-10-29T21:00,11.9,9.2,65,0.0,11.2,
2025-10-29T22:00,11.0,8.8,70,0.0,8.1,
2025-10-29T23:00,10.7,8.5,71,0.0,7.9,
2025-10-30T00:00,10.8,8.5,72,0.0,8.9,
2025-10-30T01:00,11.2,9.1,71,0.0,8.2,
2025-10-30T02:00,11.1,8.8,72,0.0,9.6,
2025-10-30T03:00,11.0,9.0,75,0.1,8.3,
2025-10-30T04:00,11.0,9.1,77,0.0,8.8,
2025-10-30T05:00,10.7,8.2,81,0.1,13.1,
2025-10-30T06:00,10.7,8.2,84,0.2,14.4,
2025-10-30T07:00,11.0,8.6,85,0.0,13.9,
2025-10-30T08:00,11.2,8.7,85,0.0,14.7,
2025-10-30T09:00,11.4,8.9,86,0.4,15.5,
2025-10-30T10:00,11.6,9.0,89,2.7,17.3,
2025-10-30T11:00,11.8,9.4,93,0.9,18.4,
2025-10-30T12:00,12.3,10.4,91,0.4,15.5,
2025-10-30T13:00,13.0,11.0,89,0.4,17.1,
2025-10-30T14:00,13.3,11.0,92,4.0,20.8,
2025-10-30T15:00,14.2,11.4,89,0.8,24.5,
2025-10-30T16:00,14.9,12.3,87,4.7,24.0,
2025-10-30T17:00,15.1,12.2,88,5.6,26.5,
2025-10-30T18:00,14.8,12.4,95,9.3,25.3,
2025-10-30T19:00,15.6,13.5,95,4.3,25.8,
2025-10-30T20:00,15.7,14.3,96,4.2,21.2,
2025-10-30T21:00,15.9,15.3,97,1.7,16.3,
2025-10-30T22:00,16.0,16.3,97,1.1,11.3,
2025-10-30T23:00,16.4,16.4,97,0.8,14.3,
2025-10-31T00:00,16.1,16.4,98,0.4,11.8,
2025-10-31T01:00,15.8,16.2,98,0.6,10.2,
2025-10-31T02:00,15.5,16.1,99,0.1,8.1,
2025-10-31T03:00,15.1,15.7,99,1.7,8.0,
2025-10-31T04:00,14.7,14.1,93,0.0,12.3,
2025-10-31T05:00,13.4,12.4,94,0.0,12.2,
2025-10-31T06:00,12.2,9.7,93,0.0,20.2,
2025-10-31T07:00,11.2,8.5,90,0.0,17.9,
2025-10-31T08:00,10.7,8.1,87,0.0,15.7,
2025-10-31T09:00,10.2,7.3,86,0.0,16.9,
2025-10-31T10:00,10.2,7.2,86,0.0,17.3,
2025-10-31T11:00,9.9,6.9,86,0.0,16.5,
2025-10-31T12:00,10.6,7.5,79,0.0,16.3,
2025-10-31T13:00,11.7,9.3,78,0.0,13.2,
2025-10-31T14:00,12.1,7.9,67,0.0,22.2,
2025-10-31T15:00,11.9,7.4,60,0.0,22.2,
2025-10-31T16:00,12.3,7.3,55,0.0,24.3,
2025-10-31T17:00,12.9,7.7,52,0.0,24.8,
2025-10-31T18:00,13.0,7.3,48,0.0,27.1,
2025-10-31T19:00,13.4,8.0,47,0.0,25.7,
2025-10-31T20:00,13.0,7.5,52,0.0,27.4,
2025-10-31T21:00,12.2,6.8,52,0.0,26.3,
2025-10-31T22:00,11.6,6.9,54,0.0,20.6,
2025-10-31T23:00,11.7,6.6,50,0.0,22.3,
2025-11-01T00:00,11.5,6.3,46,0.0,21.6,
2025-11-01T01:00,11.3,5.8,46,0.0,22.9,
2025-11-01T02:00,10.8,5.8,49,0.0,20.4,
2025-11-01T03:00,10.2,5.5,52,0.0,18.8,
2025-11-01T04:00,9.8,5.0,55,0.0,19.7,
2025-11-01T05:00,9.2,4.6,59,0.0,18.9,
2025-11-01T06:00,9.2,4.5,57,0.0,19.1,
2025-11-01T07:00,8.9,4.2,57,0.0,18.9,
2025-11-01T08:00,8.4,3.9,59,0.0,17.1,
2025-11-01T09:00,8.0,3.6,60,0.0,16.9,
2025-11-01T10:00,7.8,3.5,61,0.0,15.6,
2025-11-01T11:00,7.5,3.5,63,0.0,14.1,
2025-11-01T12:00,8.2,4.2,58,0.0,13.9,
2025-11-01T13:00,9.3,5.7,60,0.0,12.2,
2025-11-01T14:00,10.7,7.0,54,0.0,13.0,
2025-11-01T15:00,11.6,6.7,47,0.0,20.1,
2025-11-01T16:00,12.6,7.5,44,0.0,21.0,
2025-11-01T17:00,13.9,8.6,38,0.0,22.0,
2025-11-01T18:00,14.1,8.8,39,0.0,21.8,
2025-11-01T19:00,14.3,9.2,38,0.0,21.3,
2025-11-01T20:00,14.0,9.6,41,0.0,17.3,
2025-11-01T21:00,12.9,9.0,46,0.0,14.3,
2025-11-01T22:00,11.2,8.0,53,0.0,9.7,
2025-11-01T23:00,9.5,7.1,65,0.0,5.5,
2025-11-02T00:00,8.9,6.5,66,0.0,5.0,
2025-11-02T01:00,8.3,6.1,68,0.0,4.2,
2025-11-02T02:00,7.8,5.5,70,0.0,4.9,
2025-11-02T03:00,7.6,5.1,70,0.0,5.8,
2025-11-02T04:00,7.5,4.9,70,0.0,6.2,
2025-11-02T05:00,7.0,4.5,74,0.0,5.8,
2025-11-02T06:00,6.0,3.5,74,0.0,5.2,
2025-11-02T07:00,5.2,2.8,78,0.0,4.0,
2025-11-02T08:00,5.1,3.0,80,0.0,1.8,
2025-11-02T09:00,4.7,2.6,82,0.0,2.3,
2025-11-02T10:00,4.2,1.8,84,0.0,4.1,
2025-11-02T11:00,4.0,1.5,85,0.0,4.5,
2025-11-02T12:00,3.9,1.7,90,0.0,3.1,
2025-11-02T13:00,5.3,3.1,84,0.0,3.7,
2025-11-02T14:00,7.6,5.8,76,0.0,1.9,
2025-11-02T15:00,9.7,8.0,66,0.0,1.7,
2025-11-02T16:00,11.3,9.6,61,0.0,1.9,
2025-11-02T17:00,12.4,10.5,58,0.0,4.5,
2025-11-02T18:00,13.9,11.5,51,0.0,7.1,
2025-11-02T19:00,14.5,12.0,49,0.0,7.8,
2025-11-02T20:00,14.8,12.1,47,0.0,8.4,
2025-11-02T21:00,13.8,11.1,53,0.0,9.3,
2025-11-02T22:00,11.7,9.5,63,0.0,7.2,
2025-11-02T23:00,10.5,8.6,71,0.0,5.4,
2025-11-03T00:00,10.2,8.6,78,0.0,5.5,
2025-11-03T01:00,9.7,8.3,82,0.0,4.5,
2025-11-03T02:00,9.4,7.9,82,0.0,4.4,
2025-11-03T03:00,8.9,7.3,84,0.0,4.5,
2025-11-03T04:00,8.5,6.9,85,0.0,4.8,
2025-11-03T05:00,8.0,6.6,85,0.0,2.4,
2025-11-03T06:00,7.0,5.4,86,0.0,2.9,
2025-11-03T07:00,6.3,4.6,87,0.0,2.6,
2025-11-03T08:00,6.1,4.2,88,0.0,3.8,
2025-11-03T09:00,6.6,5.1,88,0.0,1.7,
2025-11-03T10:00,6.3,4.8,91,0.0,2.4,
2025-11-03T11:00,6.3,4.7,93,0.0,2.8,
2025-11-03T12:00,6.4,5.3,97,0.0,0.5,
2025-11-03T13:00,7.0,5.3,94,0.0,4.7,
2025-11-03T14:00,9.5,8.4,85,0.0,2.7,
2025-11-03T15:00,12.5,11.5,74,0.0,2.8,
2025-11-03T16:00,13.6,12.5,71,0.0,4.6,
2025-11-03T17:00,13.3,11.8,71,0.0,7.0,
2025-11-03T18:00,13.9,12.3,67,0.0,7.3,
2025-11-03T19:00,13.3,12.0,71,0.0,5.6,
2025-11-03T20:00,12.9,11.8,74,0.0,4.7,
2025-11-03T21:00,12.7,11.1,72,0.0,6.9,
2025-11-03T22:00,11.0,9.4,76,0.0,6.3,
2025-11-03T23:00,11.4,9.4,74,0.0,8.8,
2025-11-04T00:00,12.2,10.0,76,0.0,11.7,
2025-11-04T01:00,12.0,9.5,78,0.1,14.2,
2025-11-04T02:00,11.9,8.5,66,0.0,16.3,
2025-11-04T03:00,11.2,7.1,54,0.0,16.3,
2025-11-04T04:00,10.5,6.1,55,0.0,17.3,
2025-11-04T05:00,10.0,5.5,55,0.0,17.8,
2025-11-04T06:00,9.8,5.4,57,0.0,18.0,
2025-11-04T07:00,9.4,4.9,57,0.0,18.2,
2025-11-04T08:00,8.9,4.5,56,0.0,16.3,
2025-11-04T09:00,8.5,4.1,56,0.0,16.0,
2025-11-04T10:00,8.2,4.0,56,0.0,14.5,
2025-11-04T11:00,7.9,3.7,56,0.0,14.3,
2025-11-04T12:00,8.4,4.3,56,0.0,14.1,
2025-11-04T13:00,9.5,5.4,54,0.0,14.0,
2025-11-04T14:00,10.8,6.9,51,0.0,14.0,
2025-11-04T15:00,11.9,7.2,46,0.0,18.0,
2025-11-04T16:00,12.7,7.8,44,0.0,19.3,
2025-11-04T17:00,13.3,8.1,40,0.0,21.0,
2025-11-04T18:00,14.6,9.5,34,0.0,19.3,
2025-11-04T19:00,14.8,9.0,31,0.0,23.1,
2025-11-04T20:00,14.6,10.2,32,0.0,14.4,
2025-11-04T21:00,14.0,10.0,35,0.0,11.7,
2025-11-04T22:00,12.2,8.5,42,0.0,10.5,
2025-11-04T23:00,11.3,7.8,46,0.0,9.1,
2025-11-05T00:00,10.5,7.0,46,0.0,9.5,
2025-11-05T01:00,10.1,6.5,48,0.0,10.2,
2025-11-05T02:00,9.3,5.9,52,0.0,8.8,
2025-11-05T03:00,8.3,5.2,57,0.0,6.9,
2025-11-05T04:00,7.6,4.5,60,0.0,6.7,
2025-11-05T05:00,6.9,3.9,62,0.0,6.5,
2025-11-05T06:00,6.0,2.9,64,0.0,6.4,
2025-11-05T07:00,5.3,2.3,66,0.0,5.6,
2025-11-05T08:00,5.0,2.0,67,0.0,5.5,
2025-11-05T09:00,4.4,1.5,71,0.0,5.3,
2025-11-05T10:00,4.0,1.1,73,0.0,5.2,
2025-11-05T11:00,3.9,1.0,75,0.0,4.9,
2025-11-05T12:00,4.7,1.8,74,0.0,5.9,
2025-11-05T13:00,6.3,3.4,71,0.0,7.1,
2025-11-05T14:00,7.4,4.8,69,0.0,6.0,
2025-11-05T15:00,9.7,7.3,63,0.0,5.4,
2025-11-05T16:00,12.5,9.8,52,0.0,7.6,
2025-11-05T17:00,14.9,11.5,42,0.0,11.1,
2025-11-05T18:00,17.0,12.3,26,0.0,15.0,
2025-11-05T19:00,18.1,14.0,27,0.0,13.2,
2025-11-05T20:00,18.2,14.4,32,0.0,12.8,
2025-11-05T21:00,17.1,13.3,40,0.0,15.6,
2025-11-05T22:00,15.9,12.5,49,0.0,15.3,
2025-11-05T23:00,15.5,12.0,50,0.0,16.6,
2025-11-06T00:00,15.6,11.9,50,0.0,17.8,
2025-11-06T01:00,16.1,12.3,49,0.0,18.9,
2025-11-06T02:00,16.4,12.4,48,0.0,19.5,
2025-11-06T03:00,15.6,11.7,53,0.0,20.6,
2025-11-06T04:00,13.6,10.5,74,1.6,19.4,
2025-11-06T05:00,12.5,8.5,64,0.0,20.7,
2025-11-06T06:00,11.4,6.2,52,0.0,23.4,
2025-11-06T07:00,10.1,5.0,55,0.0,22.4,
2025-11-06T08:00,9.0,3.9,59,0.0,21.9,
2025-11-06T09:00,8.4,3.8,62,0.0,19.0,
2025-11-06T10:00,7.9,3.6,64,0.0,16.5,
2025-11-06T11:00,7.5,3.6,66,0.0,14.3,
2025-11-06T12:00,7.8,3.6,60,0.0,15.0,
2025-11-06T13:00,8.6,4.8,58,0.0,12.8,
2025-11-06T14:00,9.4,4.7,52,0.0,17.6,
2025-11-06T15:00,10.3,4.8,44,0.0,22.4,
2025-11-06T16:00,11.1,5.3,36,0.0,22.8,
2025-11-06T17:00,11.4,5.7,36,0.0,21.9,
2025-11-06T18:00,11.6,6.0,36,0.0,20.7,
2025-11-06T19:00,11.4,5.8,35,0.0,20.1,
2025-11-06T20:00,10.9,5.6,36,0.0,18.7,
2025-11-06T21:00,10.3,5.6,39,0.0,14.7,
2025-11-06T22:00,8.9,5.2,46,0.0,8.8,
2025-11-06T23:00,7.9,4.7,53,0.0,6.4,
2025-11-07T00:00,7.1,3.5,51,0.0,7.8,
2025-11-07T01:00,6.6,3.4,56,0.0,5.7,
2025-11-07T02:00,5.8,3.0,64,0.0,4.1,
2025-11-07T03:00,5.2,2.8,67,0.0,1.9,
2025-11-07T04:00,4.8,2.5,69,0.0,1.4,
2025-11-07T05:00,4.1,1.7,74,0.0,2.1,
2025-11-07T06:00,3.2,0.6,80,0.0,3.5,
2025-11-07T07:00,2.3,-0.3,83,0.0,3.2,
2025-11-07T08:00,1.9,-0.7,88,0.0,3.3,
2025-11-07T09:00,1.8,-0.6,89,0.0,2.6,
2025-11-07T10:00,1.6,-0.7,89,0.0,1.8,
2025-11-07T11:00,1.7,-0.8,84,0.0,2.1,
2025-11-07T12:00,2.7,0.3,81,0.0,1.9,
2025-11-07T13:00,4.5,1.5,72,0.0,5.8,
2025-11-07T14:00,6.9,4.6,64,0.0,2.0,
2025-11-07T15:00,8.9,6.1,57,0.0,5.6,
2025-11-07T16:00,11.1,7.7,48,0.0,9.2,
2025-11-07T17:00,12.8,9.1,42,0.0,11.5,
2025-11-07T18:00,14.5,9.8,35,0.0,17.1,
2025-11-07T19:00,15.2,10.5,37,0.0,18.0,
2025-11-07T20:00,15.3,11.0,40,0.0,17.3,
2025-11-07T21:00,14.0,9.8,49,0.0,18.2,
2025-11-07T22:00,13.2,9.3,53,0.0,16.8,
2025-11-07T23:00,12.8,9.4,56,0.0,14.2,
2025-11-08T00:00,12.6,9.3,58,0.0,14.1,
2025-11-08T01:00,12.9,9.6,56,0.0,13.6,
2025-11-08T02:00,13.2,9.7,53,0.0,14.2,
2025-11-08T03:00,13.3,9.8,54,0.0,14.8,
2025-11-08T04:00,13.5,10.2,58,0.0,15.2,
2025-11-08T05:00,13.2,10.7,68,0.1,13.0,
2025-11-08T06:00,12.5,10.4,82,0.4,13.8,
2025-11-08T07:00,12.3,10.6,90,1.2,13.9,
2025-11-08T08:00,12.2,10.9,93,1.0,11.5,
2025-11-08T09:00,12.2,11.2,94,1.1,10.2,
2025-11-08T10:00,12.1,11.1,95,0.4,9.8,
2025-11-08T11:00,11.7,10.8,95,0.4,8.4,
2025-11-08T12:00,12.0,11.0,94,0.2,9.6,
2025-11-08T13:00,12.8,11.9,91,0.0,9.4,
2025-11-08T14:00,13.8,13.5,87,0.0,6.3,
2025-11-08T15:00,15.6,14.6,72,0.0,8.3,
2025-11-08T16:00,16.5,15.4,64,0.0,7.7,
2025-11-08T17:00,17.2,15.7,56,0.0,8.0,
2025-11-08T18:00,18.1,16.0,49,0.0,9.6,
2025-11-08T19:00,18.4,16.2,45,0.0,8.7,
2025-11-08T20:00,18.2,16.0,45,0.0,8.6,
2025-11-08T21:00,17.0,15.8,54,0.0,4.3,
2025-11-08T22:00,15.4,14.7,63,0.0,1.8,
2025-11-08T23:00,14.4,13.7,66,0.0,2.2,
2025-11-09T00:00,13.1,12.1,70,0.0,3.1,
2025-11-09T01:00,12.5,11.3,72,0.0,4.2,
2025-11-09T02:00,12.1,10.7,72,0.0,5.0,
2025-11-09T03:00,11.8,10.1,72,0.0,5.8,
2025-11-09T04:00,11.4,9.7,71,0.0,5.9,
2025-11-09T05:00,11.1,9.2,71,0.0,6.5,
2025-11-09T06:00,10.5,9.2,74,0.0,2.8,
2025-11-09T07:00,9.5,8.2,80,0.0,2.3,
2025-11-09T08:00,9.1,8.0,85,0.0,1.9,
2025-11-09T09:00,8.4,7.3,89,0.0,1.9,
2025-11-09T10:00,9.0,7.9,90,0.0,2.8,
2025-11-09T11:00,9.2,8.0,88,0.0,3.2,
2025-11-09T12:00,9.7,8.7,84,0.0,2.1,
2025-11-09T13:00,10.8,9.7,84,0.0,4.9,
2025-11-09T14:00,13.2,12.5,78,0.0,3.6,
2025-11-09T15:00,14.0,13.7,80,0.0,3.3,
2025-11-09T16:00,15.5,14.1,78,0.0,13.6,
2025-11-09T17:00,15.2,14.1,82,0.0,12.4,
2025-11-09T18:00,15.1,14.2,87,0.0,12.8,
2025-11-09T19:00,16.2,14.9,83,0.0,16.5,
2025-11-09T20:00,15.7,14.9,88,0.0,13.5,
2025-11-09T21:00,15.3,14.8,91,0.1,12.4,
2025-11-09T22:00,14.8,14.7,94,0.0,9.6,
2025-11-09T23:00,14.7,15.3,95,0.1,5.4,
2025-11-10T00:00,14.4,15.3,97,0.0,3.1,
2025-11-10T01:00,14.1,14.9,98,0.0,3.2,
2025-11-10T02:00,13.7,14.5,99,0.0,2.4,
2025-11-10T03:00,13.5,14.3,100,0.0,2.3,
2025-11-10T04:00,13.7,14.3,100,0.1,4.3,
2025-11-10T05:00,13.4,13.5,99,1.0,6.2,
2025-11-10T06:00,13.3,12.9,98,1.4,10.0,
2025-11-10T07:00,13.0,12.2,95,2.0,9.9,
2025-11-10T08:00,12.8,11.9,91,1.8,9.8,
2025-11-10T09:00,12.5,11.9,90,0.1,5.9,
2025-11-10T10:00,11.8,11.8,92,0.0,1.7,
2025-11-10T11:00,11.7,11.4,95,0.5,4.4,
2025-11-10T12:00,11.7,11.6,97,0.3,3.4,
2025-11-10T13:00,11.9,11.8,97,0.0,3.9,
2025-11-10T14:00,12.8,12.6,93,0.1,5.1,
2025-11-10T15:00,12.5,11.8,91,0.2,7.0,
2025-11-10T16:00,12.1,10.2,85,0.5,12.7,
2025-11-10T17:00,11.1,8.8,82,3.1,12.2,
2025-11-10T18:00,10.4,8.2,85,0.3,11.9,
2025-11-10T19:00,10.4,8.3,84,0.5,10.7,
2025-11-10T20:00,10.5,7.6,74,0.0,13.3,
2025-11-10T21:00,9.0,5.1,64,0.0,15.7,
2025-11-10T22:00,6.6,2.2,67,0.0,17.3,
2025-11-10T23:00,5.1,0.4,68,0.0,17.2,
2025-11-11T00:00,4.2,-0.4,68,0.0,15.9,
2025-11-11T01:00,3.3,-1.2,69,0.0,14.7,
2025-11-11T02:00,2.5,-2.0,69,0.0,14.4,
2025-11-11T03:00,2.1,-2.9,67,0.0,16.3,
2025-11-11T04:00,1.6,-3.6,62,0.0,16.7,
2025-11-11T05:00,1.1,-4.0,61,0.0,15.4,
2025-11-11T06:00,0.9,-4.1,61,0.0,15.1,
2025-11-11T07:00,0.6,-4.1,62,0.0,12.7,
2025-11-11T08:00,0.7,-3.8,63,0.0,11.3,
2025-11-11T09:00,0.7,-3.7,62,0.0,10.6,
2025-11-11T10:00,0.8,-3.6,59,0.0,10.3,
2025-11-11T11:00,1.0,-3.9,58,0.0,13.8,
2025-11-11T12:00,1.0,-4.1,60,0.0,15.2,
2025-11-11T13:00,1.3,-3.9,62,0.0,16.2,
2025-11-11T14:00,2.0,-4.5,52,0.0,24.2,
2025-11-11T15:00,2.4,-4.1,51,0.0,24.3,
2025-11-11T16:00,2.3,-3.9,55,0.0,23.0,
2025-11-11T17:00,2.4,-3.7,61,0.0,23.6,
2025-11-11T18:00,3.5,-3.5,48,0.0,28.2,
2025-11-11T19:00,3.0,-3.2,56,0.0,23.9,
2025-11-11T20:00,4.0,-2.4,50,0.0,24.9,
2025-11-11T21:00,4.2,-1.4,51,0.0,19.9,
2025-11-11T22:00,3.7,-1.5,55,0.0,17.4,
2025-11-11T23:00,3.4,-1.8,61,0.0,17.8,
2025-11-12T00:00,3.5,-1.9,60,0.0,19.0,
2025-11-12T01:00,3.8,-1.5,62,0.0,19.3,
2025-11-12T02:00,3.6,-1.3,62,0.0,16.2,
2025-11-12T03:00,3.2,-1.5,62,0.0,14.7,
2025-11-12T04:00,2.7,-2.1,64,0.0,15.6,
2025-11-12T05:00,2.4,-2.4,65,0.0,14.7,
2025-11-12T06:00,2.4,-2.3,64,0.0,14.8,
2025-11-12T07:00,2.3,-2.5,62,0.0,14.5,
2025-11-12T08:00,2.4,-2.2,60,0.0,13.5,
2025-11-12T09:00,2.4,-2.2,61,0.0,12.5,
2025-11-12T10:00,2.4,-2.1,62,0.0,12.7,
2025-11-12T11:00,2.3,-1.7,64,0.0,9.8,
2025-11-12T12:00,2.1,-1.3,67,0.0,5.8,
2025-11-12T13:00,3.2,-0.5,67,0.0,8.6,
2025-11-12T14:00,4.1,0.5,63,0.0,8.0,
2025-11-12T15:00,5.0,1.4,60,0.0,8.3,
2025-11-12T16:00,6.2,2.8,58,0.0,7.3,
2025-11-12T17:00,7.2,4.0,58,0.0,7.3,
2025-11-12T18:00,9.0,4.3,43,0.0,14.4,
2025-11-12T19:00,9.1,4.5,45,0.0,14.8,
2025-11-12T20:00,8.2,4.9,52,0.0,7.1,
2025-11-12T21:00,8.4,4.6,54,0.0,10.7,
2025-11-12T22:00,8.1,4.6,56,0.0,9.5,
2025-11-12T23:00,7.6,4.3,60,0.0,8.8,
2025-11-13T00:00,7.5,3.5,60,0.0,13.0,
2025-11-13T01:00,8.3,4.7,64,0.0,12.6,
2025-11-13T02:00,8.3,4.8,67,0.0,12.4,
2025-11-13T03:00,7.9,4.2,68,0.0,13.7,
2025-11-13T04:00,7.2,3.7,72,0.0,12.4,
2025-11-13T05:00,6.4,2.9,75,0.0,11.8,
2025-11-13T06:00,6.3,2.7,73,0.0,12.4,
2025-11-13T07:00,6.2,2.7,73,0.0,12.0,
2025-11-13T08:00,6.4,2.5,73,0.0,14.1,
2025-11-13T09:00,6.5,2.8,74,0.0,13.0,
2025-11-13T10:00,6.2,2.8,77,0.0,12.1,
2025-11-13T11:00,5.6,2.2,80,0.0,11.1,
2025-11-13T12:00,6.7,3.0,69,0.0,12.6,
2025-11-13T13:00,7.5,3.6,67,0.0,14.3,
2025-11-13T14:00,8.8,5.1,64,0.0,13.7,
2025-11-13T15:00,7.4,3.2,69,0.1,17.2,
2025-11-13T16:00,7.1,3.2,71,1.2,14.8,
2025-11-13T17:00,8.1,4.9,71,0.5,11.7,
2025-11-13T18:00,9.9,4.8,48,0.0,19.8,
2025-11-13T19:00,10.3,4.9,43,0.0,21.1,
2025-11-13T20:00,9.6,4.6,49,0.0,19.3,
2025-11-13T21:00,8.8,3.9,49,0.0,17.8,
2025-11-13T22:00,7.5,3.3,55,0.0,13.8,
2025-11-13T23:00,6.8,3.0,58,0.0,11.1,
2025-11-14T00:00,6.5,3.2,60,0.0,7.5,
2025-11-14T01:00,6.3,2.4,58,0.0,10.5,
2025-11-14T02:00,5.8,2.2,59,0.0,9.1,
2025-11-14T03:00,4.9,1.6,66,0.0,6.8,
2025-11-14T04:00,4.0,1.1,74,0.0,4.9,
2025-11-14T05:00,4.1,0.8,71,0.0,7.5,
2025-11-14T06:00,4.4,0.7,70,0.0,10.8,
2025-11-14T07:00,4.4,0.4,71,0.0,12.5,
2025-11-14T08:00,4.1,0.2,73,0.0,11.5,
2025-11-14T09:00,3.6,-0.1,75,0.0,10.4,
2025-11-14T10:00,3.2,-0.4,78,0.0,10.2,
2025-11-14T11:00,2.9,-0.8,80,0.0,10.8,
2025-11-14T12:00,2.8,-0.7,77,0.0,8.7,
2025-11-14T13:00,3.9,0.5,77,0.0,9.6,
2025-11-14T14:00,5.7,2.5,69,0.0,7.7,
2025-11-14T15:00,7.5,4.0,62,0.0,10.4,
2025-11-14T16:00,9.0,4.5,53,0.0,16.0,
2025-11-14T17:00,9.3,4.9,50,0.0,15.5,
2025-11-14T18:00,9.4,5.2,47,0.0,13.4,
2025-11-14T19:00,10.0,5.2,44,0.0,16.5,
2025-11-14T20:00,9.5,5.9,49,0.0,9.7,
2025-11-14T21:00,9.1,6.0,52,0.0,7.2,
2025-11-14T22:00,7.8,5.0,61,0.0,5.3,
2025-11-14T23:00,7.5,4.6,62,0.0,6.2,
2025-11-15T00:00,6.8,4.0,63,0.0,5.2,
2025-11-15T01:00,6.8,3.4,60,0.0,8.1,
2025-11-15T02:00,6.4,2.9,60,0.0,9.2,
2025-11-15T03:00,6.0,2.3,61,0.0,10.5,
2025-11-15T04:00,5.4,1.8,65,0.0,10.1,
2025-11-15T05:00,4.3,1.1,72,0.0,7.3,
2025-11-15T06:00,4.3,0.9,66,0.0,7.4,
2025-11-15T07:00,4.0,0.6,68,0.0,8.0,
2025-11-15T08:00,3.7,0.3,72,0.0,8.2,
2025-11-15T09:00,3.2,-0.1,77,0.0,7.6,
2025-11-15T10:00,2.6,-0.5,81,0.0,6.4,
2025-11-15T11:00,1.6,-1.3,84,0.0,4.9,
2025-11-15T12:00,1.2,-1.3,88,0.0,2.2,
2025-11-15T13:00,2.4,-0.1,84,0.0,2.6,
2025-11-15T14:00,3.6,1.1,77,0.0,2.2,
2025-11-15T15:00,5.3,2.5,63,0.0,3.5,
2025-11-15T16:00,6.7,3.9,54,0.0,2.9,
2025-11-15T17:00,7.7,5.0,52,0.0,2.5,
2025-11-15T18:00,8.3,5.4,50,0.0,3.9,
2025-11-15T19:00,8.7,5.8,51,0.0,4.5,
2025-11-15T20:00,8.6,5.6,53,0.0,5.8,
2025-11-15T21:00,7.9,5.0,58,0.0,5.8,
2025-11-15T22:00,6.8,3.5,65,0.0,9.4,
2025-11-15T23:00,7.2,3.9,72,0.0,11.1,
2025-11-16T00:00,8.3,4.8,70,0.0,13.0,
2025-11-16T01:00,7.7,4.6,77,0.6,11.6,
2025-11-16T02:00,7.8,5.1,80,0.2,9.7,
2025-11-16T03:00,8.1,5.2,83,0.0,12.8,
2025-11-16T04:00,8.8,5.8,84,0.0,14.1,
2025-11-16T05:00,9.3,6.7,85,0.0,12.3,
2025-11-16T06:00,8.9,6.0,84,0.1,13.2,
2025-11-16T07:00,9.8,6.5,87,0.0,18.6,
2025-11-16T08:00,10.3,7.4,85,0.0,16.8,
2025-11-16T09:00,10.4,7.7,86,0.0,14.9,
2025-11-16T10:00,10.9,8.4,86,0.0,14.7,
2025-11-16T11:00,11.1,8.6,85,0.0,14.8,
2025-11-16T12:00,11.8,9.0,79,0.0,16.6,
2025-11-16T13:00,12.0,8.4,67,0.0,17.8,
2025-11-16T14:00,12.6,8.7,58,0.0,18.2,
2025-11-16T15:00,12.9,7.6,43,0.0,22.4,
2025-11-16T16:00,12.2,6.5,43,0.0,24.9,
2025-11-16T17:00,11.8,6.0,42,0.0,25.0,
2025-11-16T18:00,11.5,5.3,37,0.0,25.4,
2025-11-16T19:00,10.5,4.0,34,0.1,25.8,
2025-11-16T20:00,10.1,4.2,34,0.0,22.1,
2025-11-16T21:00,8.7,3.0,40,0.0,20.9,
2025-11-16T22:00,7.2,1.7,44,0.0,19.5,
2025-11-16T23:00,6.3,0.3,43,0.0,21.4,
2025-11-17T00:00,5.4,0.4,51,0.0,16.0,
2025-11-17T01:00,4.7,-0.5,50,0.0,17.4,
2025-11-17T02:00,4.7,-0.5,51,0.0,16.6,
2025-11-17T03:00,4.5,-0.9,51,0.0,18.1,
2025-11-17T04:00,3.8,-0.8,56,0.0,13.2,
2025-11-17T05:00,3.5,-0.8,60,0.0,12.1,
2025-11-17T06:00,3.5,-1.6,55,0.0,16.2,
2025-11-17T07:00,2.7,-2.5,55,0.0,16.1,
2025-11-17T08:00,2.2,-2.8,56,0.0,15.0,
2025-11-17T09:00,1.8,-3.2,57,0.0,14.9,
2025-11-17T10:00,1.5,-3.4,57,0.0,14.2,
2025-11-17T11:00,1.3,-3.7,57,0.0,14.2,
2025-11-17T12:00,1.8,-3.5,54,0.0,16.0,
2025-11-17T13:00,2.9,-2.5,51,0.0,17.1,
2025-11-17T14:00,4.0,-1.9,47,0.0,20.6,
2025-11-17T15:00,4.8,-1.6,45,0.0,24.6,
2025-11-17T16:00,5.4,-1.1,42,0.0,25.1,
2025-11-17T17:00,6.0,-0.4,42,0.0,24.2,
2025-11-17T18:00,6.0,-0.6,41,0.0,25.5,
2025-11-17T19:00,5.8,-0.5,42,0.0,24.0,
2025-11-17T20:00,5.9,-0.7,40,0.0,25.1,
2025-11-17T21:00,5.6,0.3,43,0.0,16.8,
2025-11-17T22:00,4.7,-0.3,47,0.0,15.1,
2025-11-17T23:00,4.3,-0.5,48,0.0,13.5,
2025-11-18T00:00,3.8,-0.9,48,0.0,12.8,
2025-11-18T01:00,3.7,-1.2,49,0.0,14.0,
2025-11-18T02:00,3.5,-1.6,50,0.0,15.3,
2025-11-18T03:00,3.2,-2.0,51,0.0,16.4,
2025-11-18T04:00,3.0,-2.2,52,0.0,16.1,
2025-11-18T05:00,2.7,-2.3,54,0.0,15.1,
2025-11-18T06:00,2.9,-1.9,52,0.0,13.8,
2025-11-18T07:00,2.6,-2.1,54,0.0,12.3,
2025-11-18T08:00,2.1,-2.4,57,0.0,11.1,
2025-11-18T09:00,1.7,-2.8,60,0.0,11.2,
2025-11-18T10:00,1.3,-3.1,62,0.0,10.7,
2025-11-18T11:00,0.9,-3.3,64,0.0,10.2,
2025-11-18T12:00,0.8,-3.4,62,0.0,9.4,
2025-11-18T13:00,1.8,-2.3,63,0.0,10.0,
2025-11-18T14:00,3.6,-0.5,55,0.0,9.7,
2025-11-18T15:00,5.3,0.6,48,0.0,13.1,
2025-11-18T16:00,6.2,1.5,45,0.0,13.3,
2025-11-18T17:00,7.1,2.5,42,0.0,13.2,
2025-11-18T18:00,7.4,2.6,40,0.0,13.3,
2025-11-18T19:00,7.8,3.2,39,0.0,12.2,
2025-11-18T20:00,7.5,3.2,40,0.0,10.8,
2025-11-18T21:00,7.0,3.5,46,0.0,5.9,
2025-11-18T22:00,6.6,4.1,61,0.0,2.5,
2025-11-18T23:00,6.5,3.7,54,0.0,3.0,
2025-11-19T00:00,6.1,3.0,56,0.0,5.1,
2025-11-19T01:00,5.7,2.7,61,0.0,4.8,
2025-11-19T02:00,4.9,1.9,65,0.0,5.2,
2025-11-19T03:00,4.1,1.3,73,0.0,4.2,
2025-11-19T04:00,4.3,1.7,73,0.0,3.2,
2025-11-19T05:00,4.6,2.2,76,0.0,2.3,
2025-11-19T06:00,4.6,2.5,76,0.0,1.1,
2025-11-19T07:00,4.5,2.3,72,0.0,0.7,
2025-11-19T08:00,4.2,2.1,77,0.1,0.3,
2025-11-19T09:00,3.9,1.9,86,0.2,1.2,
2025-11-19T10:00,3.8,1.4,78,0.4,2.6,
2025-11-19T11:00,1.9,-0.0,95,0.8,0.5,
2025-11-19T12:00,2.5,0.1,90,1.2,3.1,
2025-11-19T13:00,2.8,0.4,92,0.5,3.9,
2025-11-19T14:00,3.2,0.3,92,0.5,7.4,
2025-11-19T15:00,4.4,1.4,87,0.1,8.7,
2025-11-19T16:00,5.3,2.4,81,0.0,7.8,
2025-11-19T17:00,6.1,3.3,75,0.0,7.5,
2025-11-19T18:00,7.5,4.7,66,0.0,6.0,
2025-11-19T19:00,8.1,5.5,62,0.0,5.0,
2025-11-19T20:00,8.1,5.4,62,0.0,5.5,
2025-11-19T21:00,7.7,5.3,65,0.0,4.3,
2025-11-19T22:00,6.7,4.8,72,0.0,1.4,
2025-11-19T23:00,5.5,3.1,75,0.0,4.1,
2025-11-20T00:00,3.9,1.3,82,0.0,4.2,
2025-11-20T01:00,3.1,0.3,79,0.0,4.9,
2025-11-20T02:00,2.8,-0.2,77,0.0,5.0,
2025-11-20T03:00,2.4,-0.7,76,0.0,5.9,
2025-11-20T04:00,2.0,-1.2,77,0.0,5.8,
2025-11-20T05:00,1.4,-1.7,79,0.0,5.4,
2025-11-20T06:00,1.3,-2.0,77,0.0,6.2,
2025-11-20T07:00,0.9,-2.4,77,0.0,5.6,
2025-11-20T08:00,0.6,-2.7,78,0.0,5.6,
2025-11-20T09:00,0.5,-3.0,77,0.0,6.3,
2025-11-20T10:00,0.4,-3.0,77,0.0,5.8,
2025-11-20T11:00,0.1,-3.2,78,0.0,5.2,
2025-11-20T12:00,-0.1,-3.4,81,0.0,5.2,
2025-11-20T13:00,0.7,-2.6,82,0.0,6.6,
2025-11-20T14:00,1.9,-1.1,76,0.0,4.6,
2025-11-20T15:00,3.1,0.2,69,0.0,3.6,
2025-11-20T16:00,4.6,1.7,62,0.0,3.4,
2025-11-20T17:00,6.3,3.6,54,0.0,2.4,
2025-11-20T18:00,7.2,4.5,50,0.0,1.3,
2025-11-20T19:00,7.7,5.1,50,0.0,1.7,
2025-11-20T20:00,7.6,5.0,52,0.0,1.7,
2025-11-20T21:00,6.6,4.3,66,0.0,2.3,
2025-11-20T22:00,4.9,2.1,71,0.0,4.3,
2025-11-20T23:00,4.0,1.3,75,0.0,4.5,
